Date,Time,User,Service
2024-06-26,7:00:00,,
2024-06-26,7:15:00,,
2024-06-26,7:30:00,,
2024-06-26,7:45:00,,
2024-06-26,8:00:00,,
2024-06-26,8:15:00,,
2024-06-26,8:30:00,,
2024-06-26,8:45:00,,
2024-06-26,9:00:00,,
2024-06-26,9:15:00,,
2024-06-26,9:30:00,,
2024-06-26,9:45:00,,
2024-06-26,10:00:00,,
2024-06-26,10:15:00,,
2024-06-26,10:30:00,,
2024-06-26,10:45:00,,
2024-06-26,11:00:00,,
2024-06-26,11:15:00,,
2024-06-26,11:30:00,,
2024-06-26,11:45:00,,
2024-06-26,12:00:00,,
2024-06-26,12:15:00,,
2024-06-26,12:30:00,,
2024-06-26,12:45:00,,
2024-06-26,13:00:00,,
2024-06-26,13:15:00,,
2024-06-26,13:30:00,,
2024-06-26,13:45:00,,
2024-06-26,14:00:00,,
2024-06-26,14:15:00,,
2024-06-26,14:30:00,,
2024-06-26,14:45:00,,
2024-06-26,15:00:00,,
2024-06-26,15:15:00,,
2024-06-26,15:30:00,,
2024-06-26,15:45:00,,
2024-06-26,16:00:00,,
2024-06-26,16:15:00,,
2024-06-26,16:30:00,,
2024-06-26,16:45:00,,
2024-06-26,17:00:00,,
2024-06-26,17:15:00,,
2024-06-26,17:30:00,,
2024-06-26,17:45:00,,
2024-06-26,18:00:00,,
2024-06-26,18:15:00,,
2024-06-26,18:30:00,,
2024-06-26,18:45:00,,
2024-06-26,19:00:00,,
2024-06-26,19:15:00,,
2024-06-26,19:30:00,,
2024-06-26,19:45:00,,
2024-06-26,20:00:00,,
2024-06-26,20:15:00,,
2024-06-26,20:30:00,,
2024-06-26,20:45:00,,
2024-06-26,21:00:00,,
2024-06-27,7:00:00,,
2024-06-27,7:15:00,,
2024-06-27,7:30:00,,
2024-06-27,7:45:00,,
2024-06-27,8:00:00,,
2024-06-27,8:15:00,,
2024-06-27,8:30:00,,
2024-06-27,8:45:00,,
2024-06-27,9:00:00,,
2024-06-27,9:15:00,,
2024-06-27,9:30:00,,
2024-06-27,9:45:00,,
2024-06-27,10:00:00,,
2024-06-27,10:15:00,,
2024-06-27,10:30:00,,
2024-06-27,10:45:00,,
2024-06-27,11:00:00,,
2024-06-27,11:15:00,,
2024-06-27,11:30:00,,
2024-06-27,11:45:00,,
2024-06-27,12:00:00,,
2024-06-27,12:15:00,,
2024-06-27,12:30:00,,
2024-06-27,12:45:00,,
2024-06-27,13:00:00,,
2024-06-27,13:15:00,,
2024-06-27,13:30:00,,
2024-06-27,13:45:00,,
2024-06-27,14:00:00,,
2024-06-27,14:15:00,,
2024-06-27,14:30:00,,
2024-06-27,14:45:00,,
2024-06-27,15:00:00,,
2024-06-27,15:15:00,,
2024-06-27,15:30:00,,
2024-06-27,15:45:00,,
2024-06-27,16:00:00,,
2024-06-27,16:15:00,,
2024-06-27,16:30:00,,
2024-06-27,16:45:00,,
2024-06-27,17:00:00,,
2024-06-27,17:15:00,,
2024-06-27,17:30:00,,
2024-06-27,17:45:00,,
2024-06-27,18:00:00,,
2024-06-27,18:15:00,,
2024-06-27,18:30:00,,
2024-06-27,18:45:00,,
2024-06-27,19:00:00,,
2024-06-27,19:15:00,,
2024-06-27,19:30:00,,
2024-06-27,19:45:00,,
2024-06-27,20:00:00,,
2024-06-27,20:15:00,,
2024-06-27,20:30:00,,
2024-06-27,20:45:00,,
2024-06-27,21:00:00,,
2024-06-28,7:00:00,,
2024-06-28,7:15:00,,
2024-06-28,7:30:00,,
2024-06-28,7:45:00,,
2024-06-28,8:00:00,,
2024-06-28,8:15:00,,
2024-06-28,8:30:00,,
2024-06-28,8:45:00,,
2024-06-28,9:00:00,,
2024-06-28,9:15:00,,
2024-06-28,9:30:00,,
2024-06-28,9:45:00,,
2024-06-28,10:00:00,,
2024-06-28,10:15:00,,
2024-06-28,10:30:00,,
2024-06-28,10:45:00,,
2024-06-28,11:00:00,,
2024-06-28,11:15:00,,
2024-06-28,11:30:00,,
2024-06-28,11:45:00,,
2024-06-28,12:00:00,,
2024-06-28,12:15:00,,
2024-06-28,12:30:00,,
2024-06-28,12:45:00,,
2024-06-28,13:00:00,,
2024-06-28,13:15:00,,
2024-06-28,13:30:00,,
2024-06-28,13:45:00,,
2024-06-28,14:00:00,,
2024-06-28,14:15:00,,
2024-06-28,14:30:00,,
2024-06-28,14:45:00,,
2024-06-28,15:00:00,,
2024-06-28,15:15:00,,
2024-06-28,15:30:00,,
2024-06-28,15:45:00,,
2024-06-28,16:00:00,,
2024-06-28,16:15:00,,
2024-06-28,16:30:00,,
2024-06-28,16:45:00,,
2024-06-28,17:00:00,,
2024-06-28,17:15:00,,
2024-06-28,17:30:00,,
2024-06-28,17:45:00,,
2024-06-28,18:00:00,,
2024-06-28,18:15:00,,
2024-06-28,18:30:00,,
2024-06-28,18:45:00,,
2024-06-28,19:00:00,,
2024-06-28,19:15:00,,
2024-06-28,19:30:00,,
2024-06-28,19:45:00,,
2024-06-28,20:00:00,,
2024-06-28,20:15:00,,
2024-06-28,20:30:00,,
2024-06-28,20:45:00,,
2024-06-28,21:00:00,,
2024-06-29,7:00:00,,
2024-06-29,7:15:00,,
2024-06-29,7:30:00,,
2024-06-29,7:45:00,,
2024-06-29,8:00:00,,
2024-06-29,8:15:00,,
2024-06-29,8:30:00,,
2024-06-29,8:45:00,,
2024-06-29,9:00:00,,
2024-06-29,9:15:00,,
2024-06-29,9:30:00,,
2024-06-29,9:45:00,,
2024-06-29,10:00:00,,
2024-06-29,10:15:00,,
2024-06-29,10:30:00,,
2024-06-29,10:45:00,,
2024-06-29,11:00:00,,
2024-06-29,11:15:00,,
2024-06-29,11:30:00,,
2024-06-29,11:45:00,,
2024-06-29,12:00:00,,
2024-06-29,12:15:00,,
2024-06-29,12:30:00,,
2024-06-29,12:45:00,,
2024-06-29,13:00:00,,
2024-06-29,13:15:00,,
2024-06-29,13:30:00,,
2024-06-29,13:45:00,,
2024-06-29,14:00:00,,
2024-06-29,14:15:00,,
2024-06-29,14:30:00,,
2024-06-29,14:45:00,,
2024-06-29,15:00:00,,
2024-06-29,15:15:00,,
2024-06-29,15:30:00,,
2024-06-29,15:45:00,,
2024-06-29,16:00:00,,
2024-06-29,16:15:00,,
2024-06-29,16:30:00,,
2024-06-29,16:45:00,,
2024-06-29,17:00:00,,
2024-06-29,17:15:00,,
2024-06-29,17:30:00,,
2024-06-29,17:45:00,,
2024-06-29,18:00:00,,
2024-06-29,18:15:00,,
2024-06-29,18:30:00,,
2024-06-29,18:45:00,,
2024-06-29,19:00:00,,
2024-06-29,19:15:00,,
2024-06-29,19:30:00,,
2024-06-29,19:45:00,,
2024-06-29,20:00:00,,
2024-06-29,20:15:00,,
2024-06-29,20:30:00,,
2024-06-29,20:45:00,,
2024-06-29,21:00:00,,
2024-06-30,7:00:00,,
2024-06-30,7:15:00,,
2024-06-30,7:30:00,,
2024-06-30,7:45:00,,
2024-06-30,8:00:00,,
2024-06-30,8:15:00,,
2024-06-30,8:30:00,,
2024-06-30,8:45:00,,
2024-06-30,9:00:00,,
2024-06-30,9:15:00,,
2024-06-30,9:30:00,,
2024-06-30,9:45:00,,
2024-06-30,10:00:00,,
2024-06-30,10:15:00,,
2024-06-30,10:30:00,,
2024-06-30,10:45:00,,
2024-06-30,11:00:00,,
2024-06-30,11:15:00,,
2024-06-30,11:30:00,,
2024-06-30,11:45:00,,
2024-06-30,12:00:00,,
2024-06-30,12:15:00,,
2024-06-30,12:30:00,,
2024-06-30,12:45:00,,
2024-06-30,13:00:00,,
2024-06-30,13:15:00,,
2024-06-30,13:30:00,,
2024-06-30,13:45:00,,
2024-06-30,14:00:00,,
2024-06-30,14:15:00,,
2024-06-30,14:30:00,,
2024-06-30,14:45:00,,
2024-06-30,15:00:00,,
2024-06-30,15:15:00,,
2024-06-30,15:30:00,,
2024-06-30,15:45:00,,
2024-06-30,16:00:00,,
2024-06-30,16:15:00,,
2024-06-30,16:30:00,,
2024-06-30,16:45:00,,
2024-06-30,17:00:00,,
2024-06-30,17:15:00,,
2024-06-30,17:30:00,,
2024-06-30,17:45:00,,
2024-06-30,18:00:00,,
2024-06-30,18:15:00,,
2024-06-30,18:30:00,,
2024-06-30,18:45:00,,
2024-06-30,19:00:00,,
2024-06-30,19:15:00,,
2024-06-30,19:30:00,,
2024-06-30,19:45:00,,
2024-06-30,20:00:00,,
2024-06-30,20:15:00,,
2024-06-30,20:30:00,,
2024-06-30,20:45:00,,
2024-06-30,21:00:00,,
2024-07-01,7:00:00,,
2024-07-01,7:15:00,,
2024-07-01,7:30:00,,
2024-07-01,7:45:00,,
2024-07-01,8:00:00,,
2024-07-01,8:15:00,,
2024-07-01,8:30:00,,
2024-07-01,8:45:00,,
2024-07-01,9:00:00,,
2024-07-01,9:15:00,,
2024-07-01,9:30:00,,
2024-07-01,9:45:00,,
2024-07-01,10:00:00,,
2024-07-01,10:15:00,,
2024-07-01,10:30:00,,
2024-07-01,10:45:00,,
2024-07-01,11:00:00,,
2024-07-01,11:15:00,,
2024-07-01,11:30:00,,
2024-07-01,11:45:00,,
2024-07-01,12:00:00,,
2024-07-01,12:15:00,,
2024-07-01,12:30:00,,
2024-07-01,12:45:00,,
2024-07-01,13:00:00,,
2024-07-01,13:15:00,,
2024-07-01,13:30:00,,
2024-07-01,13:45:00,,
2024-07-01,14:00:00,,
2024-07-01,14:15:00,,
2024-07-01,14:30:00,,
2024-07-01,14:45:00,,
2024-07-01,15:00:00,,
2024-07-01,15:15:00,,
2024-07-01,15:30:00,,
2024-07-01,15:45:00,,
2024-07-01,16:00:00,,
2024-07-01,16:15:00,,
2024-07-01,16:30:00,,
2024-07-01,16:45:00,,
2024-07-01,17:00:00,,
2024-07-01,17:15:00,,
2024-07-01,17:30:00,,
2024-07-01,17:45:00,,
2024-07-01,18:00:00,,
2024-07-01,18:15:00,,
2024-07-01,18:30:00,,
2024-07-01,18:45:00,,
2024-07-01,19:00:00,,
2024-07-01,19:15:00,,
2024-07-01,19:30:00,,
2024-07-01,19:45:00,,
2024-07-01,20:00:00,,
2024-07-01,20:15:00,,
2024-07-01,20:30:00,,
2024-07-01,20:45:00,,
2024-07-01,21:00:00,,
2024-07-02,7:00:00,,
2024-07-02,7:15:00,,
2024-07-02,7:30:00,,
2024-07-02,7:45:00,,
2024-07-02,8:00:00,,
2024-07-02,8:15:00,,
2024-07-02,8:30:00,,
2024-07-02,8:45:00,,
2024-07-02,9:00:00,,
2024-07-02,9:15:00,,
2024-07-02,9:30:00,,
2024-07-02,9:45:00,,
2024-07-02,10:00:00,,
2024-07-02,10:15:00,,
2024-07-02,10:30:00,,
2024-07-02,10:45:00,,
2024-07-02,11:00:00,,
2024-07-02,11:15:00,,
2024-07-02,11:30:00,,
2024-07-02,11:45:00,,
2024-07-02,12:00:00,,
2024-07-02,12:15:00,,
2024-07-02,12:30:00,,
2024-07-02,12:45:00,,
2024-07-02,13:00:00,,
2024-07-02,13:15:00,,
2024-07-02,13:30:00,,
2024-07-02,13:45:00,,
2024-07-02,14:00:00,,
2024-07-02,14:15:00,,
2024-07-02,14:30:00,,
2024-07-02,14:45:00,,
2024-07-02,15:00:00,,
2024-07-02,15:15:00,,
2024-07-02,15:30:00,,
2024-07-02,15:45:00,,
2024-07-02,16:00:00,,
2024-07-02,16:15:00,,
2024-07-02,16:30:00,,
2024-07-02,16:45:00,,
2024-07-02,17:00:00,,
2024-07-02,17:15:00,,
2024-07-02,17:30:00,,
2024-07-02,17:45:00,,
2024-07-02,18:00:00,,
2024-07-02,18:15:00,,
2024-07-02,18:30:00,,
2024-07-02,18:45:00,,
2024-07-02,19:00:00,,
2024-07-02,19:15:00,,
2024-07-02,19:30:00,,
2024-07-02,19:45:00,,
2024-07-02,20:00:00,,
2024-07-02,20:15:00,,
2024-07-02,20:30:00,,
2024-07-02,20:45:00,,
2024-07-02,21:00:00,,
2024-07-03,7:00:00,,
2024-07-03,7:15:00,,
2024-07-03,7:30:00,,
2024-07-03,7:45:00,,
2024-07-03,8:00:00,,
2024-07-03,8:15:00,,
2024-07-03,8:30:00,,
2024-07-03,8:45:00,,
2024-07-03,9:00:00,,
2024-07-03,9:15:00,,
2024-07-03,9:30:00,,
2024-07-03,9:45:00,,
2024-07-03,10:00:00,,
2024-07-03,10:15:00,,
2024-07-03,10:30:00,,
2024-07-03,10:45:00,,
2024-07-03,11:00:00,,
2024-07-03,11:15:00,,
2024-07-03,11:30:00,,
2024-07-03,11:45:00,,
2024-07-03,12:00:00,,
2024-07-03,12:15:00,,
2024-07-03,12:30:00,,
2024-07-03,12:45:00,,
2024-07-03,13:00:00,,
2024-07-03,13:15:00,,
2024-07-03,13:30:00,,
2024-07-03,13:45:00,,
2024-07-03,14:00:00,,
2024-07-03,14:15:00,,
2024-07-03,14:30:00,,
2024-07-03,14:45:00,,
2024-07-03,15:00:00,,
2024-07-03,15:15:00,,
2024-07-03,15:30:00,,
2024-07-03,15:45:00,,
2024-07-03,16:00:00,,
2024-07-03,16:15:00,,
2024-07-03,16:30:00,,
2024-07-03,16:45:00,,
2024-07-03,17:00:00,,
2024-07-03,17:15:00,,
2024-07-03,17:30:00,,
2024-07-03,17:45:00,,
2024-07-03,18:00:00,,
2024-07-03,18:15:00,,
2024-07-03,18:30:00,,
2024-07-03,18:45:00,,
2024-07-03,19:00:00,,
2024-07-03,19:15:00,,
2024-07-03,19:30:00,,
2024-07-03,19:45:00,,
2024-07-03,20:00:00,,
2024-07-03,20:15:00,,
2024-07-03,20:30:00,,
2024-07-03,20:45:00,,
2024-07-03,21:00:00,,
2024-07-04,7:00:00,,
2024-07-04,7:15:00,,
2024-07-04,7:30:00,,
2024-07-04,7:45:00,,
2024-07-04,8:00:00,,
2024-07-04,8:15:00,,
2024-07-04,8:30:00,,
2024-07-04,8:45:00,,
2024-07-04,9:00:00,,
2024-07-04,9:15:00,,
2024-07-04,9:30:00,,
2024-07-04,9:45:00,,
2024-07-04,10:00:00,,
2024-07-04,10:15:00,,
2024-07-04,10:30:00,,
2024-07-04,10:45:00,,
2024-07-04,11:00:00,,
2024-07-04,11:15:00,,
2024-07-04,11:30:00,,
2024-07-04,11:45:00,,
2024-07-04,12:00:00,,
2024-07-04,12:15:00,,
2024-07-04,12:30:00,,
2024-07-04,12:45:00,,
2024-07-04,13:00:00,,
2024-07-04,13:15:00,,
2024-07-04,13:30:00,,
2024-07-04,13:45:00,,
2024-07-04,14:00:00,,
2024-07-04,14:15:00,,
2024-07-04,14:30:00,,
2024-07-04,14:45:00,,
2024-07-04,15:00:00,,
2024-07-04,15:15:00,,
2024-07-04,15:30:00,,
2024-07-04,15:45:00,,
2024-07-04,16:00:00,,
2024-07-04,16:15:00,,
2024-07-04,16:30:00,,
2024-07-04,16:45:00,,
2024-07-04,17:00:00,,
2024-07-04,17:15:00,,
2024-07-04,17:30:00,,
2024-07-04,17:45:00,,
2024-07-04,18:00:00,,
2024-07-04,18:15:00,,
2024-07-04,18:30:00,,
2024-07-04,18:45:00,,
2024-07-04,19:00:00,,
2024-07-04,19:15:00,,
2024-07-04,19:30:00,,
2024-07-04,19:45:00,,
2024-07-04,20:00:00,,
2024-07-04,20:15:00,,
2024-07-04,20:30:00,,
2024-07-04,20:45:00,,
2024-07-04,21:00:00,,
2024-07-05,7:00:00,,
2024-07-05,7:15:00,,
2024-07-05,7:30:00,,
2024-07-05,7:45:00,,
2024-07-05,8:00:00,,
2024-07-05,8:15:00,,
2024-07-05,8:30:00,,
2024-07-05,8:45:00,,
2024-07-05,9:00:00,,
2024-07-05,9:15:00,,
2024-07-05,9:30:00,,
2024-07-05,9:45:00,,
2024-07-05,10:00:00,,
2024-07-05,10:15:00,,
2024-07-05,10:30:00,,
2024-07-05,10:45:00,,
2024-07-05,11:00:00,,
2024-07-05,11:15:00,,
2024-07-05,11:30:00,,
2024-07-05,11:45:00,,
2024-07-05,12:00:00,,
2024-07-05,12:15:00,,
2024-07-05,12:30:00,,
2024-07-05,12:45:00,,
2024-07-05,13:00:00,,
2024-07-05,13:15:00,,
2024-07-05,13:30:00,,
2024-07-05,13:45:00,,
2024-07-05,14:00:00,,
2024-07-05,14:15:00,,
2024-07-05,14:30:00,,
2024-07-05,14:45:00,,
2024-07-05,15:00:00,,
2024-07-05,15:15:00,,
2024-07-05,15:30:00,,
2024-07-05,15:45:00,,
2024-07-05,16:00:00,,
2024-07-05,16:15:00,,
2024-07-05,16:30:00,,
2024-07-05,16:45:00,,
2024-07-05,17:00:00,,
2024-07-05,17:15:00,,
2024-07-05,17:30:00,,
2024-07-05,17:45:00,,
2024-07-05,18:00:00,,
2024-07-05,18:15:00,,
2024-07-05,18:30:00,,
2024-07-05,18:45:00,,
2024-07-05,19:00:00,,
2024-07-05,19:15:00,,
2024-07-05,19:30:00,,
2024-07-05,19:45:00,,
2024-07-05,20:00:00,,
2024-07-05,20:15:00,,
2024-07-05,20:30:00,,
2024-07-05,20:45:00,,
2024-07-05,21:00:00,,
2024-07-06,7:00:00,,
2024-07-06,7:15:00,,
2024-07-06,7:30:00,,
2024-07-06,7:45:00,,
2024-07-06,8:00:00,,
2024-07-06,8:15:00,,
2024-07-06,8:30:00,,
2024-07-06,8:45:00,,
2024-07-06,9:00:00,,
2024-07-06,9:15:00,,
2024-07-06,9:30:00,,
2024-07-06,9:45:00,,
2024-07-06,10:00:00,,
2024-07-06,10:15:00,,
2024-07-06,10:30:00,,
2024-07-06,10:45:00,,
2024-07-06,11:00:00,,
2024-07-06,11:15:00,,
2024-07-06,11:30:00,,
2024-07-06,11:45:00,,
2024-07-06,12:00:00,,
2024-07-06,12:15:00,,
2024-07-06,12:30:00,,
2024-07-06,12:45:00,,
2024-07-06,13:00:00,,
2024-07-06,13:15:00,,
2024-07-06,13:30:00,,
2024-07-06,13:45:00,,
2024-07-06,14:00:00,,
2024-07-06,14:15:00,,
2024-07-06,14:30:00,,
2024-07-06,14:45:00,,
2024-07-06,15:00:00,,
2024-07-06,15:15:00,,
2024-07-06,15:30:00,,
2024-07-06,15:45:00,,
2024-07-06,16:00:00,,
2024-07-06,16:15:00,,
2024-07-06,16:30:00,,
2024-07-06,16:45:00,,
2024-07-06,17:00:00,,
2024-07-06,17:15:00,,
2024-07-06,17:30:00,,
2024-07-06,17:45:00,,
2024-07-06,18:00:00,,
2024-07-06,18:15:00,,
2024-07-06,18:30:00,,
2024-07-06,18:45:00,,
2024-07-06,19:00:00,,
2024-07-06,19:15:00,,
2024-07-06,19:30:00,,
2024-07-06,19:45:00,,
2024-07-06,20:00:00,,
2024-07-06,20:15:00,,
2024-07-06,20:30:00,,
2024-07-06,20:45:00,,
2024-07-06,21:00:00,,
2024-07-07,7:00:00,,
2024-07-07,7:15:00,,
2024-07-07,7:30:00,,
2024-07-07,7:45:00,,
2024-07-07,8:00:00,,
2024-07-07,8:15:00,,
2024-07-07,8:30:00,,
2024-07-07,8:45:00,,
2024-07-07,9:00:00,,
2024-07-07,9:15:00,,
2024-07-07,9:30:00,,
2024-07-07,9:45:00,,
2024-07-07,10:00:00,,
2024-07-07,10:15:00,,
2024-07-07,10:30:00,,
2024-07-07,10:45:00,,
2024-07-07,11:00:00,,
2024-07-07,11:15:00,,
2024-07-07,11:30:00,,
2024-07-07,11:45:00,,
2024-07-07,12:00:00,,
2024-07-07,12:15:00,,
2024-07-07,12:30:00,,
2024-07-07,12:45:00,,
2024-07-07,13:00:00,,
2024-07-07,13:15:00,,
2024-07-07,13:30:00,,
2024-07-07,13:45:00,,
2024-07-07,14:00:00,,
2024-07-07,14:15:00,,
2024-07-07,14:30:00,,
2024-07-07,14:45:00,,
2024-07-07,15:00:00,,
2024-07-07,15:15:00,,
2024-07-07,15:30:00,,
2024-07-07,15:45:00,,
2024-07-07,16:00:00,,
2024-07-07,16:15:00,,
2024-07-07,16:30:00,,
2024-07-07,16:45:00,,
2024-07-07,17:00:00,,
2024-07-07,17:15:00,,
2024-07-07,17:30:00,,
2024-07-07,17:45:00,,
2024-07-07,18:00:00,,
2024-07-07,18:15:00,,
2024-07-07,18:30:00,,
2024-07-07,18:45:00,,
2024-07-07,19:00:00,,
2024-07-07,19:15:00,,
2024-07-07,19:30:00,,
2024-07-07,19:45:00,,
2024-07-07,20:00:00,,
2024-07-07,20:15:00,,
2024-07-07,20:30:00,,
2024-07-07,20:45:00,,
2024-07-07,21:00:00,,
2024-07-08,7:00:00,,
2024-07-08,7:15:00,,
2024-07-08,7:30:00,,
2024-07-08,7:45:00,,
2024-07-08,8:00:00,,
2024-07-08,8:15:00,,
2024-07-08,8:30:00,,
2024-07-08,8:45:00,,
2024-07-08,9:00:00,,
2024-07-08,9:15:00,,
2024-07-08,9:30:00,,
2024-07-08,9:45:00,,
2024-07-08,10:00:00,,
2024-07-08,10:15:00,,
2024-07-08,10:30:00,,
2024-07-08,10:45:00,,
2024-07-08,11:00:00,,
2024-07-08,11:15:00,,
2024-07-08,11:30:00,,
2024-07-08,11:45:00,,
2024-07-08,12:00:00,,
2024-07-08,12:15:00,,
2024-07-08,12:30:00,,
2024-07-08,12:45:00,,
2024-07-08,13:00:00,,
2024-07-08,13:15:00,,
2024-07-08,13:30:00,,
2024-07-08,13:45:00,,
2024-07-08,14:00:00,,
2024-07-08,14:15:00,,
2024-07-08,14:30:00,,
2024-07-08,14:45:00,,
2024-07-08,15:00:00,,
2024-07-08,15:15:00,,
2024-07-08,15:30:00,,
2024-07-08,15:45:00,,
2024-07-08,16:00:00,,
2024-07-08,16:15:00,,
2024-07-08,16:30:00,,
2024-07-08,16:45:00,,
2024-07-08,17:00:00,,
2024-07-08,17:15:00,,
2024-07-08,17:30:00,,
2024-07-08,17:45:00,,
2024-07-08,18:00:00,,
2024-07-08,18:15:00,,
2024-07-08,18:30:00,,
2024-07-08,18:45:00,,
2024-07-08,19:00:00,,
2024-07-08,19:15:00,,
2024-07-08,19:30:00,,
2024-07-08,19:45:00,,
2024-07-08,20:00:00,,
2024-07-08,20:15:00,,
2024-07-08,20:30:00,,
2024-07-08,20:45:00,,
2024-07-08,21:00:00,,
2024-07-09,7:00:00,,
2024-07-09,7:15:00,,
2024-07-09,7:30:00,,
2024-07-09,7:45:00,,
2024-07-09,8:00:00,,
2024-07-09,8:15:00,,
2024-07-09,8:30:00,,
2024-07-09,8:45:00,,
2024-07-09,9:00:00,,
2024-07-09,9:15:00,,
2024-07-09,9:30:00,,
2024-07-09,9:45:00,,
2024-07-09,10:00:00,,
2024-07-09,10:15:00,,
2024-07-09,10:30:00,,
2024-07-09,10:45:00,,
2024-07-09,11:00:00,,
2024-07-09,11:15:00,,
2024-07-09,11:30:00,,
2024-07-09,11:45:00,,
2024-07-09,12:00:00,,
2024-07-09,12:15:00,,
2024-07-09,12:30:00,,
2024-07-09,12:45:00,,
2024-07-09,13:00:00,,
2024-07-09,13:15:00,,
2024-07-09,13:30:00,,
2024-07-09,13:45:00,,
2024-07-09,14:00:00,,
2024-07-09,14:15:00,,
2024-07-09,14:30:00,,
2024-07-09,14:45:00,,
2024-07-09,15:00:00,,
2024-07-09,15:15:00,,
2024-07-09,15:30:00,,
2024-07-09,15:45:00,,
2024-07-09,16:00:00,,
2024-07-09,16:15:00,,
2024-07-09,16:30:00,,
2024-07-09,16:45:00,,
2024-07-09,17:00:00,,
2024-07-09,17:15:00,,
2024-07-09,17:30:00,,
2024-07-09,17:45:00,,
2024-07-09,18:00:00,,
2024-07-09,18:15:00,,
2024-07-09,18:30:00,,
2024-07-09,18:45:00,,
2024-07-09,19:00:00,,
2024-07-09,19:15:00,,
2024-07-09,19:30:00,,
2024-07-09,19:45:00,,
2024-07-09,20:00:00,,
2024-07-09,20:15:00,,
2024-07-09,20:30:00,,
2024-07-09,20:45:00,,
2024-07-09,21:00:00,,
2024-07-10,7:00:00,,
2024-07-10,7:15:00,,
2024-07-10,7:30:00,,
2024-07-10,7:45:00,,
2024-07-10,8:00:00,,
2024-07-10,8:15:00,,
2024-07-10,8:30:00,,
2024-07-10,8:45:00,,
2024-07-10,9:00:00,,
2024-07-10,9:15:00,,
2024-07-10,9:30:00,,
2024-07-10,9:45:00,,
2024-07-10,10:00:00,,
2024-07-10,10:15:00,,
2024-07-10,10:30:00,,
2024-07-10,10:45:00,,
2024-07-10,11:00:00,,
2024-07-10,11:15:00,,
2024-07-10,11:30:00,,
2024-07-10,11:45:00,,
2024-07-10,12:00:00,,
2024-07-10,12:15:00,,
2024-07-10,12:30:00,,
2024-07-10,12:45:00,,
2024-07-10,13:00:00,,
2024-07-10,13:15:00,,
2024-07-10,13:30:00,,
2024-07-10,13:45:00,,
2024-07-10,14:00:00,,
2024-07-10,14:15:00,,
2024-07-10,14:30:00,,
2024-07-10,14:45:00,,
2024-07-10,15:00:00,,
2024-07-10,15:15:00,,
2024-07-10,15:30:00,,
2024-07-10,15:45:00,,
2024-07-10,16:00:00,,
2024-07-10,16:15:00,,
2024-07-10,16:30:00,,
2024-07-10,16:45:00,,
2024-07-10,17:00:00,,
2024-07-10,17:15:00,,
2024-07-10,17:30:00,,
2024-07-10,17:45:00,,
2024-07-10,18:00:00,,
2024-07-10,18:15:00,,
2024-07-10,18:30:00,,
2024-07-10,18:45:00,,
2024-07-10,19:00:00,,
2024-07-10,19:15:00,,
2024-07-10,19:30:00,,
2024-07-10,19:45:00,,
2024-07-10,20:00:00,,
2024-07-10,20:15:00,,
2024-07-10,20:30:00,,
2024-07-10,20:45:00,,
2024-07-10,21:00:00,,
2024-07-11,7:00:00,,
2024-07-11,7:15:00,,
2024-07-11,7:30:00,,
2024-07-11,7:45:00,,
2024-07-11,8:00:00,,
2024-07-11,8:15:00,,
2024-07-11,8:30:00,,
2024-07-11,8:45:00,,
2024-07-11,9:00:00,,
2024-07-11,9:15:00,,
2024-07-11,9:30:00,,
2024-07-11,9:45:00,,
2024-07-11,10:00:00,,
2024-07-11,10:15:00,,
2024-07-11,10:30:00,,
2024-07-11,10:45:00,,
2024-07-11,11:00:00,,
2024-07-11,11:15:00,,
2024-07-11,11:30:00,,
2024-07-11,11:45:00,,
2024-07-11,12:00:00,,
2024-07-11,12:15:00,,
2024-07-11,12:30:00,,
2024-07-11,12:45:00,,
2024-07-11,13:00:00,,
2024-07-11,13:15:00,,
2024-07-11,13:30:00,,
2024-07-11,13:45:00,,
2024-07-11,14:00:00,,
2024-07-11,14:15:00,,
2024-07-11,14:30:00,,
2024-07-11,14:45:00,,
2024-07-11,15:00:00,,
2024-07-11,15:15:00,,
2024-07-11,15:30:00,,
2024-07-11,15:45:00,,
2024-07-11,16:00:00,,
2024-07-11,16:15:00,,
2024-07-11,16:30:00,,
2024-07-11,16:45:00,,
2024-07-11,17:00:00,,
2024-07-11,17:15:00,,
2024-07-11,17:30:00,,
2024-07-11,17:45:00,,
2024-07-11,18:00:00,,
2024-07-11,18:15:00,,
2024-07-11,18:30:00,,
2024-07-11,18:45:00,,
2024-07-11,19:00:00,,
2024-07-11,19:15:00,,
2024-07-11,19:30:00,,
2024-07-11,19:45:00,,
2024-07-11,20:00:00,,
2024-07-11,20:15:00,,
2024-07-11,20:30:00,,
2024-07-11,20:45:00,,
2024-07-11,21:00:00,,
2024-07-12,7:00:00,,
2024-07-12,7:15:00,,
2024-07-12,7:30:00,,
2024-07-12,7:45:00,,
2024-07-12,8:00:00,,
2024-07-12,8:15:00,,
2024-07-12,8:30:00,,
2024-07-12,8:45:00,,
2024-07-12,9:00:00,,
2024-07-12,9:15:00,,
2024-07-12,9:30:00,,
2024-07-12,9:45:00,,
2024-07-12,10:00:00,,
2024-07-12,10:15:00,,
2024-07-12,10:30:00,,
2024-07-12,10:45:00,,
2024-07-12,11:00:00,,
2024-07-12,11:15:00,,
2024-07-12,11:30:00,,
2024-07-12,11:45:00,,
2024-07-12,12:00:00,,
2024-07-12,12:15:00,,
2024-07-12,12:30:00,,
2024-07-12,12:45:00,,
2024-07-12,13:00:00,,
2024-07-12,13:15:00,,
2024-07-12,13:30:00,,
2024-07-12,13:45:00,,
2024-07-12,14:00:00,,
2024-07-12,14:15:00,,
2024-07-12,14:30:00,,
2024-07-12,14:45:00,,
2024-07-12,15:00:00,,
2024-07-12,15:15:00,,
2024-07-12,15:30:00,,
2024-07-12,15:45:00,,
2024-07-12,16:00:00,,
2024-07-12,16:15:00,,
2024-07-12,16:30:00,,
2024-07-12,16:45:00,,
2024-07-12,17:00:00,,
2024-07-12,17:15:00,,
2024-07-12,17:30:00,,
2024-07-12,17:45:00,,
2024-07-12,18:00:00,,
2024-07-12,18:15:00,,
2024-07-12,18:30:00,,
2024-07-12,18:45:00,,
2024-07-12,19:00:00,,
2024-07-12,19:15:00,,
2024-07-12,19:30:00,,
2024-07-12,19:45:00,,
2024-07-12,20:00:00,,
2024-07-12,20:15:00,,
2024-07-12,20:30:00,,
2024-07-12,20:45:00,,
2024-07-12,21:00:00,,
2024-07-13,7:00:00,,
2024-07-13,7:15:00,,
2024-07-13,7:30:00,,
2024-07-13,7:45:00,,
2024-07-13,8:00:00,,
2024-07-13,8:15:00,,
2024-07-13,8:30:00,,
2024-07-13,8:45:00,,
2024-07-13,9:00:00,,
2024-07-13,9:15:00,,
2024-07-13,9:30:00,,
2024-07-13,9:45:00,,
2024-07-13,10:00:00,,
2024-07-13,10:15:00,,
2024-07-13,10:30:00,,
2024-07-13,10:45:00,,
2024-07-13,11:00:00,,
2024-07-13,11:15:00,,
2024-07-13,11:30:00,,
2024-07-13,11:45:00,,
2024-07-13,12:00:00,,
2024-07-13,12:15:00,,
2024-07-13,12:30:00,,
2024-07-13,12:45:00,,
2024-07-13,13:00:00,,
2024-07-13,13:15:00,,
2024-07-13,13:30:00,,
2024-07-13,13:45:00,,
2024-07-13,14:00:00,,
2024-07-13,14:15:00,,
2024-07-13,14:30:00,,
2024-07-13,14:45:00,,
2024-07-13,15:00:00,,
2024-07-13,15:15:00,,
2024-07-13,15:30:00,,
2024-07-13,15:45:00,,
2024-07-13,16:00:00,,
2024-07-13,16:15:00,,
2024-07-13,16:30:00,,
2024-07-13,16:45:00,,
2024-07-13,17:00:00,,
2024-07-13,17:15:00,,
2024-07-13,17:30:00,,
2024-07-13,17:45:00,,
2024-07-13,18:00:00,,
2024-07-13,18:15:00,,
2024-07-13,18:30:00,,
2024-07-13,18:45:00,,
2024-07-13,19:00:00,,
2024-07-13,19:15:00,,
2024-07-13,19:30:00,,
2024-07-13,19:45:00,,
2024-07-13,20:00:00,,
2024-07-13,20:15:00,,
2024-07-13,20:30:00,,
2024-07-13,20:45:00,,
2024-07-13,21:00:00,,
2024-07-14,7:00:00,,
2024-07-14,7:15:00,,
2024-07-14,7:30:00,,
2024-07-14,7:45:00,,
2024-07-14,8:00:00,,
2024-07-14,8:15:00,,
2024-07-14,8:30:00,,
2024-07-14,8:45:00,,
2024-07-14,9:00:00,,
2024-07-14,9:15:00,,
2024-07-14,9:30:00,,
2024-07-14,9:45:00,,
2024-07-14,10:00:00,,
2024-07-14,10:15:00,,
2024-07-14,10:30:00,,
2024-07-14,10:45:00,,
2024-07-14,11:00:00,,
2024-07-14,11:15:00,,
2024-07-14,11:30:00,,
2024-07-14,11:45:00,,
2024-07-14,12:00:00,,
2024-07-14,12:15:00,,
2024-07-14,12:30:00,,
2024-07-14,12:45:00,,
2024-07-14,13:00:00,,
2024-07-14,13:15:00,,
2024-07-14,13:30:00,,
2024-07-14,13:45:00,,
2024-07-14,14:00:00,,
2024-07-14,14:15:00,,
2024-07-14,14:30:00,,
2024-07-14,14:45:00,,
2024-07-14,15:00:00,,
2024-07-14,15:15:00,,
2024-07-14,15:30:00,,
2024-07-14,15:45:00,,
2024-07-14,16:00:00,,
2024-07-14,16:15:00,,
2024-07-14,16:30:00,,
2024-07-14,16:45:00,,
2024-07-14,17:00:00,,
2024-07-14,17:15:00,,
2024-07-14,17:30:00,,
2024-07-14,17:45:00,,
2024-07-14,18:00:00,,
2024-07-14,18:15:00,,
2024-07-14,18:30:00,,
2024-07-14,18:45:00,,
2024-07-14,19:00:00,,
2024-07-14,19:15:00,,
2024-07-14,19:30:00,,
2024-07-14,19:45:00,,
2024-07-14,20:00:00,,
2024-07-14,20:15:00,,
2024-07-14,20:30:00,,
2024-07-14,20:45:00,,
2024-07-14,21:00:00,,
2024-07-15,7:00:00,,
2024-07-15,7:15:00,,
2024-07-15,7:30:00,,
2024-07-15,7:45:00,,
2024-07-15,8:00:00,,
2024-07-15,8:15:00,,
2024-07-15,8:30:00,,
2024-07-15,8:45:00,,
2024-07-15,9:00:00,,
2024-07-15,9:15:00,,
2024-07-15,9:30:00,,
2024-07-15,9:45:00,,
2024-07-15,10:00:00,,
2024-07-15,10:15:00,,
2024-07-15,10:30:00,,
2024-07-15,10:45:00,,
2024-07-15,11:00:00,,
2024-07-15,11:15:00,,
2024-07-15,11:30:00,,
2024-07-15,11:45:00,,
2024-07-15,12:00:00,,
2024-07-15,12:15:00,,
2024-07-15,12:30:00,,
2024-07-15,12:45:00,,
2024-07-15,13:00:00,,
2024-07-15,13:15:00,,
2024-07-15,13:30:00,,
2024-07-15,13:45:00,,
2024-07-15,14:00:00,,
2024-07-15,14:15:00,,
2024-07-15,14:30:00,,
2024-07-15,14:45:00,,
2024-07-15,15:00:00,,
2024-07-15,15:15:00,,
2024-07-15,15:30:00,,
2024-07-15,15:45:00,,
2024-07-15,16:00:00,,
2024-07-15,16:15:00,,
2024-07-15,16:30:00,,
2024-07-15,16:45:00,,
2024-07-15,17:00:00,,
2024-07-15,17:15:00,,
2024-07-15,17:30:00,,
2024-07-15,17:45:00,,
2024-07-15,18:00:00,,
2024-07-15,18:15:00,,
2024-07-15,18:30:00,,
2024-07-15,18:45:00,,
2024-07-15,19:00:00,,
2024-07-15,19:15:00,,
2024-07-15,19:30:00,,
2024-07-15,19:45:00,,
2024-07-15,20:00:00,,
2024-07-15,20:15:00,,
2024-07-15,20:30:00,,
2024-07-15,20:45:00,,
2024-07-15,21:00:00,,
2024-07-16,7:00:00,,
2024-07-16,7:15:00,,
2024-07-16,7:30:00,,
2024-07-16,7:45:00,,
2024-07-16,8:00:00,,
2024-07-16,8:15:00,,
2024-07-16,8:30:00,,
2024-07-16,8:45:00,,
2024-07-16,9:00:00,,
2024-07-16,9:15:00,,
2024-07-16,9:30:00,,
2024-07-16,9:45:00,,
2024-07-16,10:00:00,,
2024-07-16,10:15:00,,
2024-07-16,10:30:00,,
2024-07-16,10:45:00,,
2024-07-16,11:00:00,,
2024-07-16,11:15:00,,
2024-07-16,11:30:00,,
2024-07-16,11:45:00,,
2024-07-16,12:00:00,,
2024-07-16,12:15:00,,
2024-07-16,12:30:00,,
2024-07-16,12:45:00,,
2024-07-16,13:00:00,,
2024-07-16,13:15:00,,
2024-07-16,13:30:00,,
2024-07-16,13:45:00,,
2024-07-16,14:00:00,,
2024-07-16,14:15:00,,
2024-07-16,14:30:00,,
2024-07-16,14:45:00,,
2024-07-16,15:00:00,,
2024-07-16,15:15:00,,
2024-07-16,15:30:00,,
2024-07-16,15:45:00,,
2024-07-16,16:00:00,,
2024-07-16,16:15:00,,
2024-07-16,16:30:00,,
2024-07-16,16:45:00,,
2024-07-16,17:00:00,,
2024-07-16,17:15:00,,
2024-07-16,17:30:00,,
2024-07-16,17:45:00,,
2024-07-16,18:00:00,,
2024-07-16,18:15:00,,
2024-07-16,18:30:00,,
2024-07-16,18:45:00,,
2024-07-16,19:00:00,,
2024-07-16,19:15:00,,
2024-07-16,19:30:00,,
2024-07-16,19:45:00,,
2024-07-16,20:00:00,,
2024-07-16,20:15:00,,
2024-07-16,20:30:00,,
2024-07-16,20:45:00,,
2024-07-16,21:00:00,,
2024-07-17,7:00:00,,
2024-07-17,7:15:00,,
2024-07-17,7:30:00,,
2024-07-17,7:45:00,,
2024-07-17,8:00:00,,
2024-07-17,8:15:00,,
2024-07-17,8:30:00,,
2024-07-17,8:45:00,,
2024-07-17,9:00:00,,
2024-07-17,9:15:00,,
2024-07-17,9:30:00,,
2024-07-17,9:45:00,,
2024-07-17,10:00:00,,
2024-07-17,10:15:00,,
2024-07-17,10:30:00,,
2024-07-17,10:45:00,,
2024-07-17,11:00:00,,
2024-07-17,11:15:00,,
2024-07-17,11:30:00,,
2024-07-17,11:45:00,,
2024-07-17,12:00:00,,
2024-07-17,12:15:00,,
2024-07-17,12:30:00,,
2024-07-17,12:45:00,,
2024-07-17,13:00:00,,
2024-07-17,13:15:00,,
2024-07-17,13:30:00,,
2024-07-17,13:45:00,,
2024-07-17,14:00:00,,
2024-07-17,14:15:00,,
2024-07-17,14:30:00,,
2024-07-17,14:45:00,,
2024-07-17,15:00:00,,
2024-07-17,15:15:00,,
2024-07-17,15:30:00,,
2024-07-17,15:45:00,,
2024-07-17,16:00:00,,
2024-07-17,16:15:00,,
2024-07-17,16:30:00,,
2024-07-17,16:45:00,,
2024-07-17,17:00:00,,
2024-07-17,17:15:00,,
2024-07-17,17:30:00,,
2024-07-17,17:45:00,,
2024-07-17,18:00:00,,
2024-07-17,18:15:00,,
2024-07-17,18:30:00,,
2024-07-17,18:45:00,,
2024-07-17,19:00:00,,
2024-07-17,19:15:00,,
2024-07-17,19:30:00,,
2024-07-17,19:45:00,,
2024-07-17,20:00:00,,
2024-07-17,20:15:00,,
2024-07-17,20:30:00,,
2024-07-17,20:45:00,,
2024-07-17,21:00:00,,
2024-07-18,7:00:00,,
2024-07-18,7:15:00,,
2024-07-18,7:30:00,,
2024-07-18,7:45:00,,
2024-07-18,8:00:00,,
2024-07-18,8:15:00,,
2024-07-18,8:30:00,,
2024-07-18,8:45:00,,
2024-07-18,9:00:00,,
2024-07-18,9:15:00,,
2024-07-18,9:30:00,,
2024-07-18,9:45:00,,
2024-07-18,10:00:00,,
2024-07-18,10:15:00,,
2024-07-18,10:30:00,,
2024-07-18,10:45:00,,
2024-07-18,11:00:00,,
2024-07-18,11:15:00,,
2024-07-18,11:30:00,,
2024-07-18,11:45:00,,
2024-07-18,12:00:00,,
2024-07-18,12:15:00,,
2024-07-18,12:30:00,,
2024-07-18,12:45:00,,
2024-07-18,13:00:00,,
2024-07-18,13:15:00,,
2024-07-18,13:30:00,,
2024-07-18,13:45:00,,
2024-07-18,14:00:00,,
2024-07-18,14:15:00,,
2024-07-18,14:30:00,,
2024-07-18,14:45:00,,
2024-07-18,15:00:00,,
2024-07-18,15:15:00,,
2024-07-18,15:30:00,,
2024-07-18,15:45:00,,
2024-07-18,16:00:00,,
2024-07-18,16:15:00,,
2024-07-18,16:30:00,,
2024-07-18,16:45:00,,
2024-07-18,17:00:00,,
2024-07-18,17:15:00,,
2024-07-18,17:30:00,,
2024-07-18,17:45:00,,
2024-07-18,18:00:00,,
2024-07-18,18:15:00,,
2024-07-18,18:30:00,,
2024-07-18,18:45:00,,
2024-07-18,19:00:00,,
2024-07-18,19:15:00,,
2024-07-18,19:30:00,,
2024-07-18,19:45:00,,
2024-07-18,20:00:00,,
2024-07-18,20:15:00,,
2024-07-18,20:30:00,,
2024-07-18,20:45:00,,
2024-07-18,21:00:00,,
2024-07-19,7:00:00,,
2024-07-19,7:15:00,,
2024-07-19,7:30:00,,
2024-07-19,7:45:00,,
2024-07-19,8:00:00,,
2024-07-19,8:15:00,,
2024-07-19,8:30:00,,
2024-07-19,8:45:00,,
2024-07-19,9:00:00,,
2024-07-19,9:15:00,,
2024-07-19,9:30:00,,
2024-07-19,9:45:00,,
2024-07-19,10:00:00,,
2024-07-19,10:15:00,,
2024-07-19,10:30:00,,
2024-07-19,10:45:00,,
2024-07-19,11:00:00,,
2024-07-19,11:15:00,,
2024-07-19,11:30:00,,
2024-07-19,11:45:00,,
2024-07-19,12:00:00,,
2024-07-19,12:15:00,,
2024-07-19,12:30:00,,
2024-07-19,12:45:00,,
2024-07-19,13:00:00,,
2024-07-19,13:15:00,,
2024-07-19,13:30:00,,
2024-07-19,13:45:00,,
2024-07-19,14:00:00,,
2024-07-19,14:15:00,,
2024-07-19,14:30:00,,
2024-07-19,14:45:00,,
2024-07-19,15:00:00,,
2024-07-19,15:15:00,,
2024-07-19,15:30:00,,
2024-07-19,15:45:00,,
2024-07-19,16:00:00,,
2024-07-19,16:15:00,,
2024-07-19,16:30:00,,
2024-07-19,16:45:00,,
2024-07-19,17:00:00,,
2024-07-19,17:15:00,,
2024-07-19,17:30:00,,
2024-07-19,17:45:00,,
2024-07-19,18:00:00,,
2024-07-19,18:15:00,,
2024-07-19,18:30:00,,
2024-07-19,18:45:00,,
2024-07-19,19:00:00,,
2024-07-19,19:15:00,,
2024-07-19,19:30:00,,
2024-07-19,19:45:00,,
2024-07-19,20:00:00,,
2024-07-19,20:15:00,,
2024-07-19,20:30:00,,
2024-07-19,20:45:00,,
2024-07-19,21:00:00,,
2024-07-20,7:00:00,,
2024-07-20,7:15:00,,
2024-07-20,7:30:00,,
2024-07-20,7:45:00,,
2024-07-20,8:00:00,,
2024-07-20,8:15:00,,
2024-07-20,8:30:00,,
2024-07-20,8:45:00,,
2024-07-20,9:00:00,,
2024-07-20,9:15:00,,
2024-07-20,9:30:00,,
2024-07-20,9:45:00,,
2024-07-20,10:00:00,,
2024-07-20,10:15:00,,
2024-07-20,10:30:00,,
2024-07-20,10:45:00,,
2024-07-20,11:00:00,,
2024-07-20,11:15:00,,
2024-07-20,11:30:00,,
2024-07-20,11:45:00,,
2024-07-20,12:00:00,,
2024-07-20,12:15:00,,
2024-07-20,12:30:00,,
2024-07-20,12:45:00,,
2024-07-20,13:00:00,,
2024-07-20,13:15:00,,
2024-07-20,13:30:00,,
2024-07-20,13:45:00,,
2024-07-20,14:00:00,,
2024-07-20,14:15:00,,
2024-07-20,14:30:00,,
2024-07-20,14:45:00,,
2024-07-20,15:00:00,,
2024-07-20,15:15:00,,
2024-07-20,15:30:00,,
2024-07-20,15:45:00,,
2024-07-20,16:00:00,,
2024-07-20,16:15:00,,
2024-07-20,16:30:00,,
2024-07-20,16:45:00,,
2024-07-20,17:00:00,,
2024-07-20,17:15:00,,
2024-07-20,17:30:00,,
2024-07-20,17:45:00,,
2024-07-20,18:00:00,,
2024-07-20,18:15:00,,
2024-07-20,18:30:00,,
2024-07-20,18:45:00,,
2024-07-20,19:00:00,,
2024-07-20,19:15:00,,
2024-07-20,19:30:00,,
2024-07-20,19:45:00,,
2024-07-20,20:00:00,,
2024-07-20,20:15:00,,
2024-07-20,20:30:00,,
2024-07-20,20:45:00,,
2024-07-20,21:00:00,,
2024-07-21,7:00:00,,
2024-07-21,7:15:00,,
2024-07-21,7:30:00,,
2024-07-21,7:45:00,,
2024-07-21,8:00:00,,
2024-07-21,8:15:00,,
2024-07-21,8:30:00,,
2024-07-21,8:45:00,,
2024-07-21,9:00:00,,
2024-07-21,9:15:00,,
2024-07-21,9:30:00,,
2024-07-21,9:45:00,,
2024-07-21,10:00:00,,
2024-07-21,10:15:00,,
2024-07-21,10:30:00,,
2024-07-21,10:45:00,,
2024-07-21,11:00:00,,
2024-07-21,11:15:00,,
2024-07-21,11:30:00,,
2024-07-21,11:45:00,,
2024-07-21,12:00:00,,
2024-07-21,12:15:00,,
2024-07-21,12:30:00,,
2024-07-21,12:45:00,,
2024-07-21,13:00:00,,
2024-07-21,13:15:00,,
2024-07-21,13:30:00,,
2024-07-21,13:45:00,,
2024-07-21,14:00:00,,
2024-07-21,14:15:00,,
2024-07-21,14:30:00,,
2024-07-21,14:45:00,,
2024-07-21,15:00:00,,
2024-07-21,15:15:00,,
2024-07-21,15:30:00,,
2024-07-21,15:45:00,,
2024-07-21,16:00:00,,
2024-07-21,16:15:00,,
2024-07-21,16:30:00,,
2024-07-21,16:45:00,,
2024-07-21,17:00:00,,
2024-07-21,17:15:00,,
2024-07-21,17:30:00,,
2024-07-21,17:45:00,,
2024-07-21,18:00:00,,
2024-07-21,18:15:00,,
2024-07-21,18:30:00,,
2024-07-21,18:45:00,,
2024-07-21,19:00:00,,
2024-07-21,19:15:00,,
2024-07-21,19:30:00,,
2024-07-21,19:45:00,,
2024-07-21,20:00:00,,
2024-07-21,20:15:00,,
2024-07-21,20:30:00,,
2024-07-21,20:45:00,,
2024-07-21,21:00:00,,
2024-07-22,7:00:00,,
2024-07-22,7:15:00,,
2024-07-22,7:30:00,,
2024-07-22,7:45:00,,
2024-07-22,8:00:00,,
2024-07-22,8:15:00,,
2024-07-22,8:30:00,,
2024-07-22,8:45:00,,
2024-07-22,9:00:00,,
2024-07-22,9:15:00,,
2024-07-22,9:30:00,,
2024-07-22,9:45:00,,
2024-07-22,10:00:00,,
2024-07-22,10:15:00,,
2024-07-22,10:30:00,,
2024-07-22,10:45:00,,
2024-07-22,11:00:00,,
2024-07-22,11:15:00,,
2024-07-22,11:30:00,,
2024-07-22,11:45:00,,
2024-07-22,12:00:00,,
2024-07-22,12:15:00,,
2024-07-22,12:30:00,,
2024-07-22,12:45:00,,
2024-07-22,13:00:00,,
2024-07-22,13:15:00,,
2024-07-22,13:30:00,,
2024-07-22,13:45:00,,
2024-07-22,14:00:00,,
2024-07-22,14:15:00,,
2024-07-22,14:30:00,,
2024-07-22,14:45:00,,
2024-07-22,15:00:00,,
2024-07-22,15:15:00,,
2024-07-22,15:30:00,,
2024-07-22,15:45:00,,
2024-07-22,16:00:00,,
2024-07-22,16:15:00,,
2024-07-22,16:30:00,,
2024-07-22,16:45:00,,
2024-07-22,17:00:00,,
2024-07-22,17:15:00,,
2024-07-22,17:30:00,,
2024-07-22,17:45:00,,
2024-07-22,18:00:00,,
2024-07-22,18:15:00,,
2024-07-22,18:30:00,,
2024-07-22,18:45:00,,
2024-07-22,19:00:00,,
2024-07-22,19:15:00,,
2024-07-22,19:30:00,,
2024-07-22,19:45:00,,
2024-07-22,20:00:00,,
2024-07-22,20:15:00,,
2024-07-22,20:30:00,,
2024-07-22,20:45:00,,
2024-07-22,21:00:00,,
2024-07-23,7:00:00,,
2024-07-23,7:15:00,,
2024-07-23,7:30:00,,
2024-07-23,7:45:00,,
2024-07-23,8:00:00,,
2024-07-23,8:15:00,,
2024-07-23,8:30:00,,
2024-07-23,8:45:00,,
2024-07-23,9:00:00,,
2024-07-23,9:15:00,,
2024-07-23,9:30:00,,
2024-07-23,9:45:00,,
2024-07-23,10:00:00,,
2024-07-23,10:15:00,,
2024-07-23,10:30:00,,
2024-07-23,10:45:00,,
2024-07-23,11:00:00,,
2024-07-23,11:15:00,,
2024-07-23,11:30:00,,
2024-07-23,11:45:00,,
2024-07-23,12:00:00,,
2024-07-23,12:15:00,,
2024-07-23,12:30:00,,
2024-07-23,12:45:00,,
2024-07-23,13:00:00,,
2024-07-23,13:15:00,,
2024-07-23,13:30:00,,
2024-07-23,13:45:00,,
2024-07-23,14:00:00,,
2024-07-23,14:15:00,,
2024-07-23,14:30:00,,
2024-07-23,14:45:00,,
2024-07-23,15:00:00,,
2024-07-23,15:15:00,,
2024-07-23,15:30:00,,
2024-07-23,15:45:00,,
2024-07-23,16:00:00,,
2024-07-23,16:15:00,,
2024-07-23,16:30:00,,
2024-07-23,16:45:00,,
2024-07-23,17:00:00,,
2024-07-23,17:15:00,,
2024-07-23,17:30:00,,
2024-07-23,17:45:00,,
2024-07-23,18:00:00,,
2024-07-23,18:15:00,,
2024-07-23,18:30:00,,
2024-07-23,18:45:00,,
2024-07-23,19:00:00,,
2024-07-23,19:15:00,,
2024-07-23,19:30:00,,
2024-07-23,19:45:00,,
2024-07-23,20:00:00,,
2024-07-23,20:15:00,,
2024-07-23,20:30:00,,
2024-07-23,20:45:00,,
2024-07-23,21:00:00,,
2024-07-24,7:00:00,,
2024-07-24,7:15:00,,
2024-07-24,7:30:00,,
2024-07-24,7:45:00,,
2024-07-24,8:00:00,,
2024-07-24,8:15:00,,
2024-07-24,8:30:00,,
2024-07-24,8:45:00,,
2024-07-24,9:00:00,,
2024-07-24,9:15:00,,
2024-07-24,9:30:00,,
2024-07-24,9:45:00,,
2024-07-24,10:00:00,,
2024-07-24,10:15:00,,
2024-07-24,10:30:00,,
2024-07-24,10:45:00,,
2024-07-24,11:00:00,,
2024-07-24,11:15:00,,
2024-07-24,11:30:00,,
2024-07-24,11:45:00,,
2024-07-24,12:00:00,,
2024-07-24,12:15:00,,
2024-07-24,12:30:00,,
2024-07-24,12:45:00,,
2024-07-24,13:00:00,,
2024-07-24,13:15:00,,
2024-07-24,13:30:00,,
2024-07-24,13:45:00,,
2024-07-24,14:00:00,,
2024-07-24,14:15:00,,
2024-07-24,14:30:00,,
2024-07-24,14:45:00,,
2024-07-24,15:00:00,,
2024-07-24,15:15:00,,
2024-07-24,15:30:00,,
2024-07-24,15:45:00,,
2024-07-24,16:00:00,,
2024-07-24,16:15:00,,
2024-07-24,16:30:00,,
2024-07-24,16:45:00,,
2024-07-24,17:00:00,,
2024-07-24,17:15:00,,
2024-07-24,17:30:00,,
2024-07-24,17:45:00,,
2024-07-24,18:00:00,,
2024-07-24,18:15:00,,
2024-07-24,18:30:00,,
2024-07-24,18:45:00,,
2024-07-24,19:00:00,,
2024-07-24,19:15:00,,
2024-07-24,19:30:00,,
2024-07-24,19:45:00,,
2024-07-24,20:00:00,,
2024-07-24,20:15:00,,
2024-07-24,20:30:00,,
2024-07-24,20:45:00,,
2024-07-24,21:00:00,,